{
    "coverImageFilename": "cover.png",
    "icon": "cover.png",
    "components": [
        {
            "type": "FileCopyMod",
            "sourceFileName": "Blocky Defaults.qsaber",
            "targetRootedPathAndFileName": "/sdcard/Android/data/com.beatgames.beatsaber/files/sabers/testSaber.qsaber"
        }
    ],
    "version": "2.0.0",
    "links": {
        "pageLink": ""
    },
    "description": [
        "Blocky Default Sabers!"
    ],
    "gameVersion": "1.10.0",
    "platform": "Quest",
    "id": "BlockyDefaultsyetanotheronefenekinV2.0.0",
    "name": "Blocky Defaults",
    "author": "yetanotheronefenekin",
    "category": "Saber"
}